"Date","StateOfOccurrence","Location","Model","Registration","Operator","StateOfOperator","StateOfRegistry","FlightPhase","Class","Fatalities","Over2250","Over5700","ScheduledCommercial","InjuryLevel","TypeDesignator","Helicopter","Airplane","Engines","EngineType","Official","OccCats","Risk","Year"
"""2019-01-03T00:00:00.000Z""","USA","","Embraer ERJ190-100","N279JB","Jetblue Airways","USA","USA","","Accident",0,true,true,true,"","E190",false,true,2,"Jet",true,"[""CABIN""]","CABIN",2019
"""2019-01-07T00:00:00.000Z""","FIN"," Savonlinna Airport (SVL)","Saab 340B","YL-RAF","RAF-AVIA",,"LVA","Landing","Accident","",true,true,"","","SF34",false,true,2,"Turboprop","","[]","RS",2019
"""2019-01-08T00:00:00.000Z""","USA","","Airbus A320-200","N220FR","Frontier Airlines","USA","USA","","Accident",0,true,true,true,"","A320",false,true,2,"Jet",true,"[""RAMP""]","RS",2019
"""2019-01-12T00:00:00.000Z""","USA"," Uvalde-Ox Ranch Airport, TX","Canadair CL-600-2A12 Challenger 601","N813WT","TW 601-C Investment","","USA","Landing","Accident",0,true,true,false,"","CL60",false,true,2,"Jet","","[]","RS",2019
"""2019-01-14T00:00:00.000Z""","IRN"," Fat'h Airport","Boeing 707-3J9C","EP-CPP","Islamic Republic of Iran Air Force - IRIAF, opf. Saha Air",,"IRN","Landing","Accident",15,true,true,"","Fatal","B37M",false,true,2,"Jet","","[]","RS",2019
"""2019-01-16T00:00:00.000Z""","GUY"," Georgetown-Ogle International Airport (OGL)","Cessna 208B Grand Caravan","8R-YAC","ASL","","GUY","Standing","Accident",0,true,false,true,"","C208",false,true,1,"Turboprop","","[]","RS",2019
"""2019-01-17T00:00:00.000Z""","MLT","","Boeing 737-800 & Boeing 737-800","EI-DHW&TC-JHM","Ryannair&Turkish Airlines","IRL","IRL","","Accident",0,true,true,true,"","B37M",false,true,2,"Jet",true,"[""GCOL""]","RS",2019
"""2019-01-18T00:00:00.000Z""","","enroute","Boeing 777-200 ","9V-SQL","Singapore Airlines ","SGP","SGP","","Accident","",true,true,true,"","B37M",,true,2,"Jet",true,"[""TURB""]","TURB",2019
"""2019-01-21T00:00:00.000Z""","COD"," Kinshasa-N'Djili Airport (FIH)","Boeing 737-330 (QC)","9S-AHJ","Serve Air",,"COD","Landing","Accident","",true,true,"","","B37M",false,true,2,"Jet","","[]","RS",2019
"""2019-01-21T00:00:00.000Z""","USA","SE of Kidron-Stoltzfus Airfield, OH","Aero Modifications AMI DC-3-65TP","N467KS","Priority Air Charter","","USA","Initial Climb","Accident",2,true,true,false,"Fatal","G164",false,true,1,"Piston","","[]","UNK",2019
"""2019-01-23T00:00:00.000Z""","CAN"," Rouyn Airport, QC (YUY)","de Havilland DHC8-100","C-GTCO","Air Creebec Inc","CAN","CAN","Take-off","Accident","",true,true,true,"","DH82",,true,1,"Piston",true,"[""RE""]","RS",2019
"""2019-01-24T00:00:00.000Z""","","Quebec City","A321","C-GEZD","Transat",,"CAN","","Accident","",true,true,"","","A321",false,true,2,"Jet","","[]","",2019
"""2019-01-26T00:00:00.000Z""","IND","Diu","ATR 72-600 ","VT-AIX","Alliance Air ","IND","IND","","Accident","",true,true,true,"","KP5",,true,1,"Piston",true,"[""ARC""]","RS",2019
"""2019-01-28T00:00:00.000Z""","ESP"," Palma de Mallorca Airport (PMI)","ATR 72-200","EC-LYJ","Swiftair","ESP","ESP","Landing","Accident","",true,true,true,"","M200",,true,1,"Piston",true,"[""RE""]","RS",2019
"""2019-01-28T00:00:00.000Z""","USA"," Tuscaloosa Regional Airport, AL (TCL)","Boeing 727-200","N720CK","Kalitta","USA","USA","Landing","Accident","",true,true,true,"","R722",,true,3,"Jet",true,"[""ARC""]","RS",2019
"""2019-01-29T00:00:00.000Z""","","Tirupati","A321","VT-PPN","India",,"IND","","Accident","",true,true,"","","A321",false,true,2,"Jet","","[]","",2019
"""2019-01-29T00:00:00.000Z""","USA","32 km W off Kake, AK","Beechcraft B200 King Air","N13LY","Guardian Flight","","USA","En route","Accident",3,true,true,false,"Fatal","BE20",false,true,2,"Turboprop","","[]","LOC-I",2019
"""2019-01-29T00:00:00.000Z""","DEU","Frankfurt","Boeing 737-800","EI-GXG","Ryanair","IRL","IRL","","Accident","",true,true,true,"","B38M",,true,2,"Jet",true,"[""SCF-NP""]","SCF-NP",2019
"""2019-01-30T00:00:00.000Z""","CAN","39 km ESE of What�/Lac La Martre Airport, NT (YLE)","Beechcraft 200 Super King Air","C-GTUC","Air Tindi","","CAN","En route","Accident",2,true,true,false,"Fatal","BE20",false,true,2,"Turboprop","","[]","LOC-I",2019
"""2019-02-03T00:00:00.000Z""","USA","","Boeing 787-8","N26909","United Airlines","USA","USA","","Accident",0,true,true,true,"","B37M",false,true,2,"Jet",true,"[""CABIN""]","CABIN",2019
"""2019-02-05T00:00:00.000Z""","","enroute","Boeing 737-800","N852NN","American Airlines","USA","USA","","Accident","",true,true,true,"","B37M",,true,2,"Jet",true,"[""TURB""]","TURB",2019
"""2019-02-06T00:00:00.000Z""","","Guadalajara","A306","XA-UYR","AeroUnion",,"MEX","","Accident","",true,true,"","","A306",false,true,2,"Jet","","[]","",2019
"""2019-02-06T00:00:00.000Z""","","Atlantic","A332","G-TCCF","Thomas Cook",,"GBR","","Accident","",true,true,"","","A332",false,true,2,"Jet","","[]","",2019
"""2019-02-08T00:00:00.000Z""","USA","21 km E off Bay Harbor Islands, FL","Convair C-131B Samaritan","N145GT","Conquest Air Cargo",,"USA","En route","Accident",1,true,true,"","Fatal","CVLP",false,true,2,"Piston","","[]","OTH",2019
"""2019-02-08T00:00:00.000Z""","DNK"," Billund Airport (BLL)","Airbus A321-200","SE-RKA","Novair","SWE","SWE","Landing","Accident","",true,true,true,"","A321",,true,2,"Jet",true,"[""ARC""]","RS",2019
"""2019-02-09T00:00:00.000Z""","BRA","231 km SSW of Caracara�, RR","Cessna 208 Caravan I","PR-RTA","RICO","","BRA","Landing","Accident",0,true,false,false,"","C208",false,true,1,"Turboprop","","[]","RS",2019
"""2019-02-10T00:00:00.000Z""","","London","A320","G-EUUP","British Airways",,"GBR","","Accident","",true,true,"","","A320",false,true,2,"Jet","","[]","",2019
"""2019-02-11T00:00:00.000Z""","USA"," Richmond Municipal Airport, IN (RID)","Raytheon Beechjet 400A","N750TA","Stein's Aircraft Services","","USA","Landing","Accident",0,true,true,false,"","BE40",false,true,2,"Jet","","[]","RS",2019
"""2019-02-12T00:00:00.000Z""","","Barnaul","A320","VQ-BFV","Ural",,"BMU","","Accident","",true,true,"","","A320",false,true,2,"Jet","","[]","",2019
"""2019-02-13T00:00:00.000Z""","","B738","France","F-GZHM","Transavia",,"FRA","","Accident","",false,false,"","","TAYA",false,true,1,"Piston","","[]","",2019
"""2019-02-13T00:00:00.000Z""","USA","Reno","Embraer ERJ170","N613CZ","Compass Airlines","USA","USA","","Accident","",true,true,true,"","E170",,true,2,"Jet",true,"[""TURB""]","TURB",2019
"""2019-02-13T00:00:00.000Z""","NLD"," Amsterdam-Schiphol International Airport (AMS)","Boeing 787-9 Dreamliner","PH-BHA","KLM","NLD","NLD","Standing","Accident",0,true,true,true,"","B78X",false,true,2,"Jet","","[]","RS",2019
"""2019-02-13T00:00:00.000Z""","NLD"," Amsterdam-Schiphol International Airport (AMS)","Boeing 747-406M","PH-BFV","KLM","NLD","NLD","","Accident",0,true,true,true,"","B37M",false,true,2,"Jet","","[]","",2019
"""2019-02-15T00:00:00.000Z""","","Providence","B738","N8543Z","Southwest",,"USA","","Accident","",true,true,"","","B738",false,true,2,"Jet","","[]","",2019
"""2019-02-17T00:00:00.000Z""","USA","","Boeing 737-800","N3730B","Delta Air Lines","USA","USA","","Accident",0,true,true,true,"","B37M",false,true,2,"Jet",true,"[""TURB""]","TURB",2019
"""2019-02-23T00:00:00.000Z""","USA"," Trinity Bay, near Anahuac, TX","Boeing 767-375ER (BCF) (WL)","N1217A","Atlas Air, opf. Amazon Air",,"USA","En route","Accident",3,true,true,"","Fatal","ST75",false,true,1,"Piston","","[]","OTH",2019
"""2019-02-24T00:00:00.000Z""","","New York","A319","N323NB","Delta",,"USA","","Accident","",true,true,"","","A319",false,true,2,"Jet","","[]","",2019
"""2019-02-25T00:00:00.000Z""","KOR"," Pyongtaek-Desiderio AAF","de Havilland Canada EO-5C (DHC-7-102)","N89068","US Army","","USA","Landing","Accident",0,true,true,false,"","DHC7",false,true,4,"Turboprop","","[]","RS",2019
"""2019-02-26T00:00:00.000Z""","RUS"," Moskva-Sheremetyevo Airport (SVO)","Gulfstream G200 Galaxy","4K-AZ88","Silk Way Business Aviation","","AZE","Landing","Accident",0,true,true,false,"","GALX",false,true,2,"Jet","","[]","RS",2019
"""2019-02-26T00:00:00.000Z""","","Kasane","E135","ZS-SJX","SA Airlink",,"ZAF","","Accident","",true,true,"","","E135",false,true,2,"Jet","","[]","",2019
"""2019-02-27T00:00:00.000Z""","USA","Honolulu","Boeing B777-200","N771AN","American Airlines Inc","USA","USA","","Accident","",true,true,true,"","B37M",,true,2,"Jet",true,"[""TURB""]","TURB",2019
"""2019-02-27T00:00:00.000Z""","","Las Vegas","A319","N531NK","Spirit",,"USA","","Accident","",true,true,"","","A319",false,true,2,"Jet","","[]","",2019
"""2019-02-27T00:00:00.000Z""","","Minneapolis","B739","N224AK","Alaska",,"USA","","Accident","",true,true,"","","B739",false,true,2,"Jet","","[]","",2019
"""2019-02-28T00:00:00.000Z""","GBR","Exeter","Embraer ERJ 190-200","G-FBEJ","Flybe ","GBR","GBR","","Accident","",true,true,true,"","E190",,true,2,"Jet",true,"[""EVAC"",""F-NI""]","F-NI",2019
"""2019-03-01T00:00:00.000Z""","GBR"," London-Stansted Airport (STN)","Airbus A320-214","OE-LOA","Laudamotion GmbH","AUT","AUT","Take-off","Accident","",true,true,true,"","A320",,true,2,"Jet",true,"[""EVAC"",""SCF-PP""]","SCF-PP",2019
"""2019-03-02T00:00:00.000Z""","GBR","","de Havilland DHC8-400","G-JECN","Flybe ","GBR","GBR","","Accident",0,true,true,true,"","VAMP",false,true,1,"Jet",true,"[""GCOL""]","RS",2019
"""2019-03-03T00:00:00.000Z""","BRA"," Rio de Janeiro/Gale�o-Antonio Carlos Jobim International Airport, RJ","Airbus A320-200","PR-OCW","Oceanair","BRA","BRA","Landing","Accident","",true,true,true,"","A320",,true,2,"Jet",true,"[""USOS""]","RS",2019
"""2019-03-03T00:00:00.000Z""","DZA"," Ouargla-Ain Beida Airport (OGX)","Beechcraft 1900D","7TVIO","Tassili Airlines","DZA","DZA","Landing","Accident",0,true,true,true,"","BE9L",,true,2,"Turboprop",true,"[""SCF-NP""]","SCF-NP",2019
"""2019-03-04T00:00:00.000Z""","USA"," Presque Isle-Northern Maine Regional Airport, ME (PQI)","Embraer EMB145","N14171","Commutair","USA","USA","Landing","Accident","",true,true,true,"","E35L",,true,2,"Jet",true,"[""USOS""]","RS",2019
"""2019-03-04T00:00:00.000Z""","CAN","1,4 km S of Little Grand Rapids Airport, MB (ZGR)","Cessna 208B Grand Caravan","C-FAFV","Amik Aviation","","CAN","Approach","Accident",0,true,false,false,"","C208",false,true,1,"Turboprop","","[]","RS",2019
"""2019-03-07T00:00:00.000Z""","","La Paz","Boeing 737-300","CP-3020","BOLIVIANA DE AVIACIÓN","BOL","BOL","","Accident","",true,true,true,"","B37M",,true,2,"Jet",true,"[""SCF-NP""]","SCF-NP",2019
"""2019-03-07T00:00:00.000Z""","ARG"," Buenos Aires-Jorge Newbery Airport, BA (AEP)","Learjet 35A","LV-BNR","Baires Fly","","ARG","Landing","Accident",0,true,true,false,"","LJ35",false,true,2,"Jet","","[]","RS",2019
"""2019-03-08T00:00:00.000Z""","RUS","Turukhansk","ATR 42-500 ","VQ-BKN","NordStar Airlines","FRA","BMU","","Accident","",true,true,true,"","AC50",,true,2,"Piston",true,"[""RE""]","RS",2019
"""2019-03-09T00:00:00.000Z""","","Boston","B773","TC-JJG","THY",,"TUR","","Accident","",true,true,"","","B773",false,true,2,"Jet","","[]","",2019
"""2019-03-09T00:00:00.000Z""","","Newark","B738","C-GTQG","Transat",,"CAN","","Accident","",true,true,"","","B738",false,true,2,"Jet","","[]","",2019
"""2019-03-09T00:00:00.000Z""","COL"," Finca La Bendici�n, San Mart�n","Douglas DC-3","HK-2494","LASER",,"COL","Approach","Accident",14,true,true,"","Fatal","DC3S",false,true,2,"Piston","","[]","RS",2019
"""2019-03-09T00:00:00.000Z""","USA"," Atlanta-DeKalb Peachtree Airport, GA (PDK)","Gulfstream G-IV","N505GF","Waffle House","","USA","Landing","Accident",0,true,true,false,"","GLF2",false,true,2,"Jet","","[]","RS",2019
"""2019-03-10T00:00:00.000Z""","","Bafoussam","MA60","TJ-QDA","Camair",,"CMR","","Accident","",true,true,"","","MA60",false,true,2,"Turboprop","","[]","",2019
"""2019-03-10T00:00:00.000Z""","ETH","50 km ESE of Addis Ababa-Bole Airport (ADD)","Boeing 737 MAX 8","ET-AVJ","Ethiopian Airlines","ETH","ETH","En route","Accident",157,true,true,true,"Fatal","B37M",,true,2,"Jet",true,"[""LOC-I"",""SCF-NP""]","SCF-NP",2019
"""2019-03-10T00:00:00.000Z""","USA","","Boeing 737-800 & Boeing 757-300","N3756&N591NW","Delta Air Lines","USA","USA","","Accident",0,true,true,true,"","B38M",false,true,2,"Jet",true,"[""GCOL""]","RS",2019
"""2019-03-10T00:00:00.000Z""","USA","","Bombardier CL 600 2C10 & Bombardier CL600 2D24","PSAAIRLINES","N530EA & N569NN","IND","","","Accident",0,true,true,true,"","CRJX",false,true,2,"Jet",true,"[""RAMP""]","RS",2019
"""2019-03-10T00:00:00.000Z""","USA"," Charlotte-Douglas International Airport, NC (CLT)","Bombardier CL-600-2C10 Regional Jet CRJ-702ER","N530EA","American Eagle, opf. PSA Airlines","USA","USA","Taxi","Accident",0,true,true,true,"","CRJX",false,true,2,"Jet","","[]","RS",2019
"""2019-03-10T00:00:00.000Z""","USA"," Charlotte-Douglas International Airport, NC (CLT)","Bombardier CL-600-2D24 Regional Jet CRJ-900LR","N569NN","American Eagle, opf. PSA Airlines","USA","USA","Taxi","Accident",0,true,true,true,"","CRJX",false,true,2,"Jet","","[]","RS",2019
"""2019-03-12T00:00:00.000Z""","USA"," Latrobe-Westmoreland County Airport, PA (LBE)","Beechcraft A100 King Air","N945WS","Golden Wings Aviation","","USA","Landing","Accident",0,true,false,false,"","B350",false,true,2,"Turboprop","","[]","RS",2019
"""2019-03-14T00:00:00.000Z""","USA"," Orlando Sanford International Airport, FL (SFB)","Cessna 650 Citation III","N220CM","RP Sales and Leasing","","USA","Taxi","Accident",0,true,true,false,"","C650",false,true,2,"Jet","","[]","RS",2019
"""2019-03-18T00:00:00.000Z""","MYS"," Kuala Lumpur-Sultan Abdul Aziz Shah Airport (SZB)","Bombardier BD-100-1A10 Challenger 300","9M-TST","Berjaya Air","","MYS","Landing","Accident",0,true,false,false,"","CL30",false,true,2,"Jet","","[]","RS",2019
"""2019-03-18T00:00:00.000Z""","USA"," Oklahoma City-Sundance Airport, OK (HSD)","IAI 1124 Westwind","N4MH","Sundance Airport FBO","","USA","Landing","Accident",2,true,true,false,"Fatal","WW24",false,true,2,"Jet","","[]","RS",2019
"""2019-03-19T00:00:00.000Z""","IRN"," Tehran-Mehrabad Airport (THR)","Fokker 28 MK100","EP-IDG","Iran Air","IRN","IRN","Landing","Accident","",true,true,true,"","F100",,true,2,"Jet",true,"[""ARC"",""SCF-NP""]","RS",2019
"""2019-03-21T00:00:00.000Z""","STP","","ATR 72-200","TR-ABS","Afrijet","GAB","GAB","","Accident",0,true,true,true,"","M200",false,true,1,"Piston",true,"[""RAMP""]","RS",2019
"""2019-03-22T00:00:00.000Z""","HND","ca 14 km E of Bajamar","Rockwell Sabreliner 60","N990PA","private","","USA","Landing","Accident",0,true,true,false,"","SBR1",false,true,2,"Jet","","[]","RS",2019
"""2019-03-23T00:00:00.000Z""","GBR"," Bristol Airport (BRS)","Airbus A320-232","HA-LPL","Wizz Air","HUN","HUN",,"Accident",0,true,true,true,"","A320",,true,2,"Jet",true,"[""RAMP"",""SCF-NP""]","RS",2019
"""2019-03-27T00:00:00.000Z""","CUB"," Alonso de Rojas","Antonov An-2","CU-A1825","ENSA","","CUB","Manoeuvring","Accident",0,true,false,false,"","AN72",false,true,2,"Jet","","[]","RS",2019
"""2019-03-27T00:00:00.000Z""","USA","near Nashville International Airport, TN (BNA)","Boeing 737-700","N249WN","Southwest Airlines","USA","USA","Approach","Accident","",true,true,true,"","B37M",,true,2,"Jet",true,"[""BIRD""]","BIRD",2019
"""2019-03-29T00:00:00.000Z""","","Baltimore","B738","N37263","United",,"USA","","Accident","",true,true,"","","B738",false,true,2,"Jet","","[]","",2019
"""2019-04-03T00:00:00.000Z""","GBR"," Belfast International Airport (BFS)","Airbus A320-214","G-EZWC","EasyJet","GBR","GBR",,"Accident",0,true,true,true,"","A320",,true,2,"Jet",true,"[""RAMP""]","RS",2019
"""2019-04-04T00:00:00.000Z""","AUT"," Innsbruck-Kranebitten Airport (INN)","de Havilland DHC8-400","OE-LGM","Austrian Airlines AG","AUT","AUT","Landing","Accident","",true,true,true,"","HERN",,true,4,"Piston",true,"[""ARC"",""WSTRW""]","RS",2019
"""2019-04-04T00:00:00.000Z""","USA"," Atlanta Hartsfield-Jackson International Airport, GA (ATL)","McDonnell Douglas MD88","N977DL","Delta Air Lines","USA","USA","Taxi","Accident",0,true,true,true,"","MD88",,true,2,"Jet",true,"[""GCOL""]","RS",2019
"""2019-04-08T00:00:00.000Z""","DOM"," Dominica Douglas-Charles Airport (DOM)","BAe Jetstream 4100","HI1038","Sky High Aviation Services","USA","DOM","Landing","Accident","",true,true,true,"","JS41",,true,2,"Turboprop",true,"[""ARC""]","RS",2019
"""2019-04-10T00:00:00.000Z""","USA"," New York-John F. Kennedy International Airport, NY (JFK)","Airbus A321-200","N114NN","American Airlines","USA","USA","Take-off","Accident","",true,true,true,"","A321",,true,2,"Jet",true,"[""ARC""]","RS",2019
"""2019-04-11T00:00:00.000Z""","USA","","Boeing 737-900","N31412","United Airlines","USA","USA","","Accident",0,true,true,true,"","B39M",false,true,2,"Jet",true,"[""CABIN""]","CABIN",2019
"""2019-04-13T00:00:00.000Z""","USA","near New Albany, MS","Rockwell Sabreliner 65","N265DS","Classic Aviation","","USA","En route","Accident",3,true,true,false,"Fatal","SBR1",false,true,2,"Jet","","[]","LOC-I",2019
"""2019-04-14T00:00:00.000Z""","NPL"," Lukla-Tenzing-Hillary Airport (LUA)","Let L-410UVP-E20","9N-AMH","Summit Air",,"NPL","Take-off","Accident",1,true,true,"","Fatal","L410",false,true,2,"Turboprop","","[]","LOC-I",2019
"""2019-04-16T00:00:00.000Z""","CHL","0,4 km W of Puerto Montt-Marcel Marchant Airport","Pilatus BN-2B-27 Islander","CC-CYR","Archipi�lagos Servicios A�reos","","CHL","Initial Climb","Accident",6,true,false,false,"Fatal","BN2P",false,true,2,"Piston","","[]","UNK",2019
"""2019-04-19T00:00:00.000Z""","","Johannesburg and Durban","B738","ZS-ZWV","Comair",,"ZAF","","Accident","",true,true,"","","B738",false,true,2,"Jet","","[]","",2019
"""2019-04-22T00:00:00.000Z""","THA","enroute","Airbus A320-200","HS-TXK","Thai Smile","THA","THA","","Accident","",true,true,true,"","A320",,true,2,"Jet",true,"[""TURB""]","TURB",2019
"""2019-04-22T00:00:00.000Z""","SDN","64 km from Khartoum","Antonov An-26","EY-322","Asia Airways",,"TJK","En route","Accident","",true,true,"","","AN26",false,true,2,"Turboprop","","[]","TURB",2019
"""2019-04-23T00:00:00.000Z""","","Peshawar","A320","AP-EDA","Airblue",,"PAK","","Accident","",true,true,"","","A320",false,true,2,"Jet","","[]","",2019
"""2019-04-23T00:00:00.000Z""","USA"," Dry Tortugas National Park, FL","Cessna 208 Caravan I","N366TA","Tropic Ocean Airways","","USA","Take-off","Accident",0,true,false,false,"","C208",false,true,1,"Turboprop","","[]","RS",2019
"""2019-04-24T00:00:00.000Z""","DEU"," Siegen-Siegerland Airport (SGE)","Cessna 551 Citation II/SP","D-IADV","private","","DEU","Landing","Accident",0,true,true,false,"","C551",false,true,2,"Jet","","[]","RS",2019
"""2019-04-24T00:00:00.000Z""","CAN"," Gillam Airport, MB (YGX)","Beechcraft B200 Super King Air","C-FRMV","Keewatin Air","","CAN","Landing","Accident",0,true,true,false,"","BE20",false,true,2,"Turboprop","","[]","RS",2019
"""2019-04-24T00:00:00.000Z""","","Baltimore","A321","N679NK","Spirit",,"USA","","Accident","",true,true,"","","A321",false,true,2,"Jet","","[]","",2019
"""2019-04-26T00:00:00.000Z""","","Hattiesburg","CRJ2","N928EV","Skywest",,"USA","","Accident","",true,true,"","","CRJ2",false,true,2,"Jet","","[]","",2019
"""2019-04-30T00:00:00.000Z""","GBR"," East Midlands Airport (EMA)","Boeing 737-73S (WL)","EI-SEV","Ryanair","","IRL","Taxi","Accident",0,true,true,false,"","B37M",false,true,2,"Jet","","[]","RS",2019
"""2019-04-30T00:00:00.000Z""","GBR"," East Midlands Airport (EMA)","Boeing 737-33A (WL)","G-GDFB","Jet2","","GBR","Standing","Accident",0,true,true,false,"","B37M",false,true,2,"Jet","","[]","RS",2019
"""2019-05-02T00:00:00.000Z""","","Tokyo","B772","EI-DBM","Alitalia",,"IRL","","Accident","",true,true,"","","B772",false,true,2,"Jet","","[]","",2019
"""2019-05-02T00:00:00.000Z""","JPN","Tokyo","Boeing 737-800","HL8021","T'way Air Co., Ltd.","KOR","KOR","","Accident","",true,true,true,"","B37M",,true,2,"Jet",true,"[""TURB""]","TURB",2019
"""2019-05-03T00:00:00.000Z""","","Los Angeles","A321","N660NK","Spirit",,"USA","","Accident","",true,true,"","","A321",false,true,2,"Jet","","[]","",2019
"""2019-05-03T00:00:00.000Z""","USA"," Jacksonville Naval Air Station, FL (NIP)","Boeing 737-81Q (WL)","N732MA","Miami Air International",,"USA","Landing","Accident","",true,true,"","","B38M",false,true,2,"Jet","","[]","RS",2019
"""2019-05-03T00:00:00.000Z""","CAN","6,5 km SE of Hay River Airport, NT (YHY)","Douglas DC-3","C-GJKM","Buffalo Airways","CAN","CAN","Approach","Accident","",true,true,true,"","B26",,true,2,"Piston",true,"[""SCF-PP""]","SCF-PP",2019
"""2019-05-04T00:00:00.000Z""","RUS"," Vyun, Tomponsky region","Antonov An-2R","RA-01443","Aviation Enterprise Motor","","RUS","Landing","Accident",0,true,false,false,"","AN70",false,true,4,"Turboprop","","[]","RS",2019
"""2019-05-04T00:00:00.000Z""","GBR"," Edinburgh-Turnhouse Airport (EDI)","Learjet 45","C-GMCP","Skyservice Business Aviation","","CAN","","Accident",0,true,true,false,"","LJ45",false,true,2,"Jet","","[]","",2019
"""2019-05-05T00:00:00.000Z""","","Atlantic","B772","G-VIIO","British Airways",,"GBR","","Accident","",true,true,"","","B772",false,true,2,"Jet","","[]","",2019
"""2019-05-05T00:00:00.000Z""","RUS"," Moskva-Sheremetyevo Airport (SVO)","Sukhoi Superjet 100-95B","RA-89098","Aeroflot Russian International Airlines ","RUS","RUS","Landing","Accident",41,true,true,true,"Fatal","SU95",,true,2,"Jet",true,"[""ARC"",""EVAC"",""RE"",""WSTRW""]","RS",2019
"""2019-05-05T00:00:00.000Z""","MEX","257 km NW of Monclova","Canadair CL-600-2B16 Challenger 601-3A","N601VH","Compa�ia de Aviaci�n y Log�stica Empresarial","","USA","En route","Accident",13,true,true,false,"Fatal","CL60",false,true,2,"Jet","","[]","LOC-I",2019
"""2019-05-07T00:00:00.000Z""","CAN","57 km NNE of Kuujjuarapik Airport, QC (YGW)","DHC-6 Twin Otter 300","C-GNDO","Air Inuit","","CAN","Take-off","Accident",0,true,false,false,"","DHC6",false,true,2,"Turboprop","","[]","RS",2019
"""2019-05-08T00:00:00.000Z""","BGD","","de Havilland DHC8-400 ","BIMANBANGLADESHAIRLINES","S2-AGQ","ROU","","","Accident",0,true,true,true,"","DH80",false,true,1,"Piston",true,"[""ARC"",""RE""]","RS",2019
"""2019-05-08T00:00:00.000Z""","MMR"," Yangon-Mingaladon Airport (RGN)","DHC-8-402Q Dash 8","S2-AGQ","Biman Bangladesh","BGD","BGD","Landing","Accident","",true,true,true,"","DH8A",false,true,2,"Turboprop","","[]","RS",2019
"""2019-05-08T00:00:00.000Z""","VEN","13 km from Uriman Airport (URM)","Antonov An-2R","YV2354","Unknown","","VEN","En route","Accident",0,true,false,false,"","AN72",false,true,2,"Jet","","[]","TURB",2019
"""2019-05-10T00:00:00.000Z""","CAN"," Toronto-Pearson International Airport, ON (YYZ)","de Havilland DHC8-300","C-FJXZ","Air Canada Express","CAN","CAN","Taxi","Accident","",true,true,true,"","H25A",,true,2,"Jet",true,"[""GCOL""]","RS",2019
"""2019-05-11T00:00:00.000Z""","CAN"," Saint-Esprit Aerodrome, QC","Cessna 208B Grand Caravan","C-FCPM","Parachutisme Nouvel Air","","CAN","Landing","Accident",0,true,false,false,"","C208",false,true,1,"Turboprop","","[]","RS",2019
"""2019-05-11T00:00:00.000Z""","","Guam","B744","N952CA","National",,"USA","","Accident","",true,true,"","","B744",false,true,4,"Jet","","[]","",2019
"""2019-05-12T00:00:00.000Z""","MMR"," Mandalay International Airport (MDL)","Embraer ERJ-190LR","XY-AGQ","Myanmar National Airlines","USA","MMR","Landing","Accident","",true,true,true,"","E190",false,true,2,"Jet","","[]","RS",2019
"""2019-05-13T00:00:00.000Z""","USA","15 km NE of Ketchikan, AK","DHC-3T Vazar Turbine Otter","N959PA","Taquan Air","","USA","En route","Accident",1,true,false,false,"Fatal","C10T",false,true,1,"Turboprop","","[]","LOC-I",2019
"""2019-05-13T00:00:00.000Z""","","","Boeing 737-900","HL7726","Korean Air Line","KOR","KOR","","Accident",0,true,true,true,"","B37M",false,true,2,"Jet",true,"[""TURB""]","TURB",2019
"""2019-05-15T00:00:00.000Z""","","Lagos","B733","5N-BUK","Peace",,"NGA","","Accident","",true,true,"","","B733",false,true,2,"Jet","","[]","",2019
"""2019-05-18T00:00:00.000Z""","","Orlando","B738","C-FZRM","Westjet",,"CAN","","Accident","",true,true,"","","B738",false,true,2,"Jet","","[]","",2019
"""2019-05-22T00:00:00.000Z""","USA","near Indianapolis Regional Airport, IN (KMQJ)","Cessna S550 Citation S/II","N311G","private","","USA","Initial Climb","Accident",2,true,true,false,"Fatal","C550",false,true,2,"Jet","","[]","UNK",2019
"""2019-05-22T00:00:00.000Z""","RUS"," Zhuravskoye","Antonov An-2R","RA-68161","private","","RUS","Take-off","Accident",0,true,false,false,"","AN72",false,true,2,"Jet","","[]","RS",2019
"""2019-05-24T00:00:00.000Z""","","500 km E off Fort Lauderdale, Florida, USA","Cessna 560 Citation Encore","N832R","Jet Sales LLC","","USA","En route","Accident",1,true,true,false,"Fatal","C560",false,true,2,"Jet","","[]","LOC-I",2019
"""2019-05-24T00:00:00.000Z""","IDN","Makassar","Airbus A320-200","PK-LZJ","Batik Air","IDN","IDN","","Accident","",true,true,true,"","A320",,true,2,"Jet",true,"[""RAMP""]","RS",2019
"""2019-05-25T00:00:00.000Z""","USA","Jacksonville","Boeing 737-800","N8697C","Southwest Airlines","USA","USA","","Accident","",true,true,true,"","B37M",,true,2,"Jet",true,"[""TURB""]","TURB",2019
"""2019-05-28T00:00:00.000Z""","USA","","Airbus A320-200","N507JT","Jetblue Airways","USA","USA","","Accident",0,true,true,true,"","A320",false,true,2,"Jet",true,"[""CABIN""]","CABIN",2019
"""2019-05-28T00:00:00.000Z""","","Philadelphia","B744","D-ABVU","Lufthansa",,"DEU","","Accident","",true,true,"","","B744",false,true,4,"Jet","","[]","",2019
"""2019-05-29T00:00:00.000Z""","","Riga","B733","YL-BBJ","Baltic",,"LVA","","Accident","",true,true,"","","B733",false,true,2,"Jet","","[]","",2019
"""2019-05-30T00:00:00.000Z""","","Tucuman","A332","N968AV","Avianca",,"USA","","Accident","",true,true,"","","A332",false,true,2,"Jet","","[]","",2019
"""2019-06-07T00:00:00.000Z""","UKR"," Svyatoshyns'kyi District, Kiev","Antonov An-2T","UR-KAU","TSO Ukrayiny","","UKR","Unknown","Accident",0,true,false,false,"","A743",false,true,2,"Jet","","[]","RS",2019
"""2019-06-08T00:00:00.000Z""","","Copenhagen","A321","G-EUXG","British Airways",,"GBR","","Accident","",true,true,"","","A321",false,true,2,"Jet","","[]","",2019
"""2019-06-09T00:00:00.000Z""","RUS","50 km NE of Kyren, Tunkinsky District","Antonov An-2R","RA-81519","Feniks","","RUS","En route","Accident",0,true,false,false,"","AN72",false,true,2,"Jet","","[]","TURB",2019
"""2019-06-09T00:00:00.000Z""","USA"," Denver International Airport, CO (DEN)","Boeing 737-900","N75436","United Airlines","USA","USA","Landing","Accident","",true,true,true,"","B37M",,true,2,"Jet",true,"[""ARC""]","RS",2019
"""2019-06-11T00:00:00.000Z""","KEN"," Kiunga Airport (KIU)","CASA C-212 Aviocar 200","N603AR","EP Aviation","","USA","Take-off","Accident",0,true,true,false,"","C212",false,true,2,"Turboprop","","[]","RS",2019
"""2019-06-15T00:00:00.000Z""","USA"," Newark-Liberty International Airport, NJ (EWR)","Boeing 757-200","N26123","United Airlines Inc","USA","USA","Landing","Accident","",true,true,true,"","ST75",,true,1,"Piston",true,"[""ARC"",""RE""]","RS",2019
"""2019-06-15T00:00:00.000Z""","BRA"," Manaus-Eduardo Gomes International Airport, AM (MAO)","ATR 42-300","PR-MPN","Map Linhas Aereas","BRA","BRA","Landing","Accident","",true,true,true,"","BE30",,true,2,"Turboprop",true,"[""ARC"",""EVAC"",""SCF-NP""]","RS",2019
"""2019-06-15T00:00:00.000Z""","","Krasnodar","B738","VP-BNG","S7",,"BMU","","Accident","",true,true,"","","B738",false,true,2,"Jet","","[]","",2019
"""2019-06-16T00:00:00.000Z""","","Basel","B733","LZ-MVK","ALK",,"BGR","","Accident","",true,true,"","","B733",false,true,2,"Jet","","[]","",2019
"""2019-06-16T00:00:00.000Z""","","Fort Lauderdale","A320","N625JB","Jetblue",,"USA","","Accident","",true,true,"","","A320",false,true,2,"Jet","","[]","",2019
"""2019-06-17T00:00:00.000Z""","ARG"," Joaqu�n V. Gonz�lez-Agropecuaria R�o Juramento Airstrip, SA","Cessna 680 Citation Sovereign","LV-CIQ","Banco Macro","","ARG","Landing","Accident",0,true,true,false,"","C680",false,true,2,"Jet","","[]","RS",2019
"""2019-06-17T00:00:00.000Z""","USA"," Pittsburgh-Greater Pittsburgh International Airport, PA (PIT)","Boeing 737-800","N8608N","Southwest Airlines","USA","USA","Standing","Accident",0,true,true,true,"","B37M",,true,2,"Jet",true,"[""RAMP""]","RS",2019
"""2019-06-18T00:00:00.000Z""","CHN","Hong Kong","Airbus A330-200","B-LHA","Hong Kong Airlines","HKG","HKG","","Accident","",true,true,true,"","BE20",,true,2,"Turboprop",true,"[""TURB""]","TURB",2019
"""2019-06-18T00:00:00.000Z""","","Frankfurt","A320","G-MEDK","British Airways",,"GBR","","Accident","",true,true,"","","A320",false,true,2,"Jet","","[]","",2019
"""2019-06-20T00:00:00.000Z""","KAZ","10 km from Rodina village, Tselinograd district","Antonov An-2R","UP-A0116","Navigator","","KAZ","Take-off","Accident",1,true,false,false,"Fatal","AN70",false,true,4,"Turboprop","","[]","LOC-I",2019
"""2019-06-21T00:00:00.000Z""","CAN","off Fort Hope Airport, ON (YFH)","Basler BT-67 Turbo 67 (DC-3T)","C-FKGL","North Star Air",,"CAN","Initial Climb","Accident","",true,true,"","","DC3T",false,true,2,"Turboprop","","[]","UNK",2019
"""2019-06-21T00:00:00.000Z""","","Winnipeg","B738","C-GTQF","Transat",,"CAN","","Accident","",true,true,"","","B738",false,true,2,"Jet","","[]","",2019
"""2019-06-23T00:00:00.000Z""","ITA","","Airbus A320-200","D-AINC","Deutsche Lufthansa","DEU","DEU","","Accident",0,true,true,true,"","A320",false,true,2,"Jet",true,"[""CABIN""]","CABIN",2019
"""2019-06-23T00:00:00.000Z""","","Tenerife","A320","G-GATN","British Airways",,"GBR","","Accident","",true,true,"","","A320",false,true,2,"Jet","","[]","",2019
"""2019-06-23T00:00:00.000Z""","UKR","near Mlyny, Poltava region","Antonov An-2R","UR-43983","Phoenix Air","","UKR","En route","Accident",0,true,false,false,"","A148",false,true,2,"Jet","","[]","TURB",2019
"""2019-06-26T00:00:00.000Z""","USA"," Sacramento-McClellan Airfield, CA (MCC)","Rockwell Sabreliner 65","N65HH","Yankee Dawdle LLC","","USA","Landing","Accident",0,true,true,false,"","SBR1",false,true,2,"Jet","","[]","RS",2019
"""2019-06-27T00:00:00.000Z""","VEN"," Canaima Airport (CAJ)","British Aerospace 3212 Jetstream 31","YV2536","Transmandu",,"VEN","Landing","Accident","",true,true,"","","JS32",false,true,2,"Turboprop","","[]","RS",2019
"""2019-06-27T00:00:00.000Z""","RUS"," Nizhneangarsk Airport","Antonov An-24RV","RA-47366","Angara Airlines","RUS","RUS","Landing","Accident",2,true,true,true,"Fatal","AN72",,true,2,"Jet",true,"[""RE"",""SCF-PP""]","RS",2019
"""2019-06-29T00:00:00.000Z""","","New York and Newark","A319","N837UA","United",,"USA","","Accident","",true,true,"","","A319",false,true,2,"Jet","","[]","",2019
"""2019-06-29T00:00:00.000Z""","USA"," Plant City-Blackwater Creek Ultralight Flightpark, FL","Cessna 208B Grand Caravan","N80JF","ISR Aviation","","USA","Landing","Accident",0,true,false,false,"","C208",false,true,1,"Turboprop","","[]","RS",2019
"""2019-06-30T00:00:00.000Z""","USA"," Dallas-Addison Airport, TX (ADS)","Beechcraft B300 King Air 350i","N534FF","EE Operations LLC","","USA","Take-off","Accident",10,true,true,false,"Fatal","B350",false,true,2,"Turboprop","","[]","LOC-I",2019
"""2019-07-02T00:00:00.000Z""","IND"," Mumbai-Chhatrapati Shivaji International Airport (BOM)","Boeing 737-800 ","VT-SYK","Spicejet","IND","IND","Landing","Accident","",true,true,true,"","B37M",,true,2,"Jet",true,"[""RE""]","RS",2019
"""2019-07-03T00:00:00.000Z""","","Stockholm","A20N","SE-ROM","SAS",,"SWE","","Accident","",true,true,"","","A20N",false,true,2,"Jet","","[]","",2019
"""2019-07-07T00:00:00.000Z""","","Bastia","A319","EC-MTM","Volotea",,"ESP","","Accident","",true,true,"","","A319",false,true,2,"Jet","","[]","",2019
"""2019-07-07T00:00:00.000Z""","","Tampa and Atlanta","A321","N658NK","Spirit",,"USA","","Accident","",true,true,"","","A321",false,true,2,"Jet","","[]","",2019
"""2019-07-08T00:00:00.000Z""","USA"," Bethel Airport, AK (BET)","Cessna 208B Grand Caravan","N9448B","Grant Aviation","","USA","Landing","Accident",0,true,false,true,"","C208",false,true,1,"Turboprop","","[]","RS",2019
"""2019-07-08T00:00:00.000Z""","","Harare","B744","PH-CKA","Martin",,"NLD","","Accident","",true,true,"","","B744",false,true,4,"Jet","","[]","",2019
"""2019-07-08T00:00:00.000Z""","CAN","83 km NW of Roberval Airport, QC (YRJ)","Canadair CL-215-6B11 (CL-415)","C-FAWQ","Gouvernement du Qu�bec","","CAN","Landing","Accident",0,true,true,false,"","CAT",false,true,2,"Piston","","[]","RS",2019
"""2019-07-09T00:00:00.000Z""","NLD"," Amsterdam-Schiphol International Airport (AMS)","Airbus A320-214 (WL)","OE-IVQ","easyJet Europe","AUT","AUT","","Accident",0,true,true,true,"","A320",false,true,2,"Jet","","[]","",2019
"""2019-07-09T00:00:00.000Z""","NLD"," Amsterdam-Schiphol International Airport (AMS)","Boeing 737-8K2 (WL)","PH-BXH","KLM","NLD","NLD","","Accident",0,true,true,true,"","B37M",false,true,2,"Jet","","[]","",2019
"""2019-07-09T00:00:00.000Z""","NLD","","Boeing 737-800/Airbus A320-200","PH-BXH&OE-IVQ","KLM & EasyJet","NLD","NLD","","Accident",0,true,true,true,"","B38M",false,true,2,"Jet",true,"[""RAMP""]","RS",2019
"""2019-07-10T00:00:00.000Z""","","Chennai","Airbus A380-800","A6-EEM","Emirates","ARE","ARE","","Accident","",true,true,true,"","A19N",,true,2,"Jet",true,"[""TURB""]","TURB",2019
"""2019-07-11T00:00:00.000Z""","","Pacific","B772","C-FNNH","Canada",,"CAN","","Accident","",true,true,"","","B772",false,true,2,"Jet","","[]","",2019
"""2019-07-12T00:00:00.000Z""","NPL","Kathmandu","ATR 72-200","9N-AMM","Yeti","NPL","NPL","","Accident","",true,true,true,"","BE20",,true,2,"Turboprop",true,"[""RE""]","RS",2019
"""2019-07-12T00:00:00.000Z""","GRC","Naxos","ATR 42-500","SX-FOR","Sky Express S.A.","GRC","GRC","","Accident","",true,true,true,"","AC50",,true,2,"Piston",true,"[""RE""]","RS",2019
"""2019-07-12T00:00:00.000Z""","USA"," Orlando Executive Airport, FL (ORL)","Cessna 525 CitationJet","N262BK","Omicron Business Services","","USA","Landing","Accident",0,true,false,false,"","C525",false,true,2,"Jet","","[]","RS",2019
"""2019-07-14T00:00:00.000Z""","","New York","A320","N521JB","Jetblue",,"USA","","Accident","",true,true,"","","A320",false,true,2,"Jet","","[]","",2019
"""2019-07-14T00:00:00.000Z""","","Atlantic","B772","G-YMMD","British Airways",,"GBR","","Accident","",true,true,"","","B772",false,true,2,"Jet","","[]","",2019
"""2019-07-16T00:00:00.000Z""","","Las Vegas","A320","N604NK","Spirit",,"USA","","Accident","",true,true,"","","A320",false,true,2,"Jet","","[]","",2019
"""2019-07-16T00:00:00.000Z""","RUS"," Novoshchedrinskaya, Chechnya","Antonov An-2","RA-3098K","Unknown","","RUS","Unknown","Accident",0,true,false,false,"","AN72",false,true,2,"Jet","","[]","RS",2019
"""2019-07-17T00:00:00.000Z""","USA"," Mesquite Municipal Airport, NV","Cessna 550 Citation II","N320JT","Avia Jet LLC","","USA","Landing","Accident",0,true,true,false,"","C550",false,true,2,"Jet","","[]","RS",2019
"""2019-07-17T00:00:00.000Z""","USA","","Bombardier CL 600 2B19","C-FWJI","Air Georgian","CAN","CAN","","Accident",0,true,true,true,"","CL60",false,true,2,"Jet",true,"[""GCOL""]","RS",2019
"""2019-07-19T00:00:00.000Z""","CAN"," Edmonton International Airport, AB (YEG)","de Havilland DHC8-400","C-FKWE","WestJet Encore","CAN","CAN","Landing","Accident","",true,true,true,"","VNOM",,true,1,"Jet",true,"[""ARC""]","RS",2019
"""2019-07-19T00:00:00.000Z""","","Moscow","B738","VP-BSZ","Nordwind",,"BMU","","Accident","",true,true,"","","B738",false,true,2,"Jet","","[]","",2019
"""2019-07-20T00:00:00.000Z""","","Gilgit","AT42","AP-BHD","PIA","","PAK","","Accident","",true,false,"","","BE55",false,true,2,"Piston","","[]","",2019
"""2019-07-20T00:00:00.000Z""","PAK"," Gilgit Airport (GIL)","ATR 42-500","AP-BHP","Pakistan International Airlines ","PAK","PAK","Landing","Accident","",true,true,true,"","AC50",,true,2,"Piston",true,"[""RE""]","RS",2019
"""2019-07-22T00:00:00.000Z""","USA","","Boeing 767-300","N663UA","United Airlines","USA","USA","","Accident",0,true,true,true,"","B37M",false,true,2,"Jet",true,"[""TURB""]","TURB",2019
"""2019-07-23T00:00:00.000Z""","USA","","Boeing 757-300","N57852","United Airlines","USA","USA","","Accident",0,true,true,true,"","ST75",false,true,1,"Piston",true,"[""RAMP""]","RS",2019
"""2019-07-23T00:00:00.000Z""","NGA"," Lagos-Murtala Muhammed International Airport (LOS)","Boeing 737-300","5N-BQO","Air Peace","NGA","NGA","Landing","Accident","",true,true,true,"","B37M",,true,2,"Jet",true,"[""ARC""]","RS",2019
"""2019-07-24T00:00:00.000Z""","","Paris","Boeing 777-300","C-FNNQ","Air Canada","CAN","CAN","","Accident","",true,true,true,"","B37M",,true,2,"Jet",true,"[""RAMP""]","RS",2019
"""2019-07-26T00:00:00.000Z""","CAN"," Addenbroke Island, BC","Cessna 208 Caravan 675","C-GURL","Seair Seaplanes","","CAN","En route","Accident",4,true,false,false,"Fatal","C208",false,true,1,"Turboprop","","[]","LOC-I",2019
"""2019-07-27T00:00:00.000Z""","USA"," El Paso International Airport, TX (ELP)","Fairchild SA227-AC Metro III","N681TR","Sierra West Airlines","","USA","Landing","Accident",0,true,true,false,"","SW3",false,true,2,"Turboprop","","[]","RS",2019
"""2019-07-28T00:00:00.000Z""","","Boston","A333","N272AY","American",,"USA","","Accident","",true,true,"","","A333",false,true,2,"Jet","","[]","",2019
"""2019-07-30T00:00:00.000Z""","DEU"," Frankfurt International Airport (FRA)","Airbus A319-100","D-AILR","Lufthansa","DEU","DEU","Standing","Accident",0,true,true,true,"","A319",,true,2,"Jet",true,"[""RAMP""]","RS",2019
"""2019-07-30T00:00:00.000Z""","","Istanbul","B773","TC-JJM","THY",,"TUR","","Accident","",true,true,"","","B773",false,true,2,"Jet","","[]","",2019
"""2019-07-30T00:00:00.000Z""","AUS"," Perth Airport, WA (PER)","Bae 146-RJ85","VH-NJW","National Jet Express","AUS","AUS",,"Accident",0,true,true,true,"","RJ85",,true,4,"Jet",true,"[""GCOL""]","RS",2019
"""2019-07-31T00:00:00.000Z""","USA"," Dallas/Fort Worth International Airport, TX (DFW)","Bombardier CL600 2D24","N947LR","Mesa Airlines","USA","USA","Standing","Accident",0,true,true,true,"","CL60",,true,2,"Jet",true,"[""RAMP""]","RS",2019
"""2019-08-01T00:00:00.000Z""","USA"," Candle 2 Airport, AK","Douglas C-118A Liftmaster (DC-6A)","N451CE","Everts Air Cargo",,"USA","Landing","Accident","",true,true,"","","DC6",false,true,4,"Piston","","[]","RS",2019
"""2019-08-02T00:00:00.000Z""","CHN"," Longmen Farm, Wudalianchi, Heilongjiang Province","Shijiazhuang Y-5B(D)","B-50OC","Liaoning Star General Aviation","","CHN","Manoeuvring","Accident",0,true,false,false,"","AN2",false,true,1,"Piston","","[]","RS",2019
"""2019-08-02T00:00:00.000Z""","","Atlantic","Airbus A330-243","G-MLJL","Thomas Cook Airlines ","GBR","GBR","","Accident","",true,true,true,"","A319",,true,2,"Jet",true,"[""TURB""]","TURB",2019
"""2019-08-02T00:00:00.000Z""","CAN"," Vancouver International Airport, BC (YVR)","Airbus A340-313","HB-JMF","Edelweiss Air","CHE","CHE","Standing","Accident",0,true,true,true,"","A35K",false,true,2,"Jet","","[]","RS",2019
"""2019-08-02T00:00:00.000Z""","CAN"," Vancouver International Airport, BC (YVR)","Boeing 787-8 Dreamliner","C-GHPU","Air Canada","CAN","CAN","Taxi","Accident",0,true,true,true,"","B789",false,true,2,"Jet","","[]","RS",2019
"""2019-08-02T00:00:00.000Z""","MMR","Yangon","ATR 72-212A","XY-AJM","Golden Myanmar","MMR","MMR","","Accident","",true,true,true,"","AT44",,true,2,"Turboprop",true,"[""ARC""]","RS",2019
"""2019-08-02T00:00:00.000Z""","CAN","","Boeing 787-8 & Airbus A340-300","C-GHPU&HB-JMF","Air Canada","CAN","CAN","","Accident",0,true,true,true,"","B37M",false,true,2,"Jet",true,"[""GCOL""]","RS",2019
"""2019-08-03T00:00:00.000Z""","BOL","La Paz","Boeing 737-300","CP-3077","BoA","BOL","BOL","","Accident","",true,true,true,"","B37M",,true,2,"Jet",true,"[""ADRM"",""SCF-NP""]","SCF-NP",2019
"""2019-08-05T00:00:00.000Z""","","Valencia","A321","G-MEDN","British Airways",,"GBR","","Accident","",true,true,"","","A321",false,true,2,"Jet","","[]","",2019
"""2019-08-06T00:00:00.000Z""","TZA"," Mafia Airport (MFA)","Cessna 208B Grand Caravan","5H-NOW","Tropical Air","","TZA","Take-off","Accident",0,true,false,false,"","C208",false,true,1,"Turboprop","","[]","RS",2019
"""2019-08-06T00:00:00.000Z""","CHL","0,4 km N of Los �ngeles-Mar�a Dolores Airport (LSQ)","Cessna 510 Citation Mustang","CC-ANR","private","","CHL","Approach","Accident",1,true,false,false,"Fatal","C510",false,true,2,"Jet","","[]","CFIT",2019
"""2019-08-06T00:00:00.000Z""","DNK"," Aarhus Airport (AAR)","Cessna 560XLS+ Citation XLS+","D-CAWM","Aerowest","","DEU","Landing","Accident",0,true,true,false,"","C56X",false,true,2,"Jet","","[]","RS",2019
"""2019-08-06T00:00:00.000Z""","USA"," San Francisco International Airport, CA (SFO)","Boeing 737-924ER (WL)","N37437","United Airlines","USA","USA","Taxi","Accident",0,true,true,true,"","B39M",false,true,2,"Jet","","[]","RS",2019
"""2019-08-06T00:00:00.000Z""","CAN","46 km ENE of Mayo Airport, YT (YMA)","Cessna 208B Supervan 900","C-FSKF","Alkan Air","","CAN","En route","Accident",2,true,false,false,"Fatal","C208",false,true,1,"Turboprop","","[]","LOC-I",2019
"""2019-08-06T00:00:00.000Z""","USA"," San Francisco International Airport, CA (SFO)","Airbus A320-232","N432UA","United Airlines","USA","USA","Taxi","Accident",0,true,true,true,"","A320",false,true,2,"Jet","","[]","RS",2019
"""2019-08-06T00:00:00.000Z""","USA","","Boeing 737-900ER and Airbus A320-200","N37437ANDN432UA","United Airlines","USA","USA","","Accident",0,true,true,true,"","B39M",false,true,2,"Jet",true,"[""ADRM"",""GCOL""]","GCOL, ADRM",2019
"""2019-08-07T00:00:00.000Z""","COL"," Bah�a Solano-Jos� Celestino Mutis Airport (BSC)","British Aerospace 3201 Jetstream 32","HK-4540","SARPA",,"COL","Landing","Accident","",true,true,"","","JS31",false,true,2,"Turboprop","","[]","RS",2019
"""2019-08-08T00:00:00.000Z""","","Paris","A333","C-GCTS","Transat",,"CAN","","Accident","",true,true,"","","A333",false,true,2,"Jet","","[]","",2019
"""2019-08-08T00:00:00.000Z""","USA"," Orlando International Airport, FL (MCO)","Airbus A321-200","N717FR","Frontier Airlines","USA","USA","Landing","Accident","",true,true,true,"","A321",,true,2,"Jet",true,"[""ARC"",""WSTRW""]","RS",2019
"""2019-08-08T00:00:00.000Z""","USA","","Airbus A320-200","N505JB","Jetblue Airways","USA","USA","","Accident",0,true,true,true,"","A320",false,true,2,"Jet",true,"[""CABIN"",""TURB""]","TURB",2019
"""2019-08-10T00:00:00.000Z""","BHS"," Nassau-Lynden Pindling International Airport (NAS)","Canadair CL-600-2B16 Challenger 601","N602TS","private","","USA","Landing","Accident",0,true,true,false,"","CL60",false,true,2,"Jet","","[]","RS",2019
"""2019-08-12T00:00:00.000Z""","GBR"," London-Gatwick Airport (LGW)","Boeing 787-9","G-CKWB","Norwegian Air UK","GBR","GBR",,"Accident",0,true,true,true,"","B37M",,true,2,"Jet",true,"[""RAMP""]","RS",2019
"""2019-08-12T00:00:00.000Z""","","New York","B773","B-2005","China Eastern",,"CHN","","Accident","",true,true,"","","B773",false,true,2,"Jet","","[]","",2019
"""2019-08-15T00:00:00.000Z""","","Shannon","B763","N378AX","Omni International",,"USA","","Accident","",true,true,"","","B763",false,true,2,"Jet","","[]","",2019
"""2019-08-15T00:00:00.000Z""","USA"," Elizabethton Municipal Airport, TN","Cessna 680A Citation Latitude","N8JR","JRM Air LLC","","USA","Landing","Accident",0,true,true,false,"","C68A",false,true,2,"Jet","","[]","RS",2019
"""2019-08-15T00:00:00.000Z""","RUS","ca 4 km SE of Zhukovsky International Airport (ZIA)","Airbus A321-211","VQ-BOZ","Ural Airlines","RUS","BMU","Initial Climb","Accident","",true,true,true,"","A321",,true,2,"Jet",true,"[""BIRD""]","BIRD",2019
"""2019-08-15T00:00:00.000Z""","","Beijing"," Boeing 787-8 ","JA808A","All Nippon Airways ","JPN","JPN","","Accident","",true,true,true,"","B38M",,true,2,"Jet",true,"[""TURB""]","TURB",2019
"""2019-08-15T00:00:00.000Z""","USA"," San Marcos Regional Airport, TX","DHC-6 Twin Otter 300","N322AV","Berry Aviation","","USA","Landing","Accident",0,true,false,false,"","DHC6",false,true,2,"Turboprop","","[]","RS",2019
"""2019-08-16T00:00:00.000Z""","KEN"," Kichwa Tembo Airstrip","de Havilland DHC 8-200 ","5Y-SLM","SafariLink","KEN","KEN","Landing","Accident","",true,true,true,"","DH82",,true,1,"Piston",true,"[""WILD""]","WILD",2019
"""2019-08-18T00:00:00.000Z""","USA"," Kapalua Airport, HI (JHM)","Cessna 208B Grand Caravan EX","N879MA","Mokulele Airlines","","USA","Landing","Accident",0,true,false,true,"","C208",false,true,1,"Turboprop","","[]","RS",2019
"""2019-08-18T00:00:00.000Z""","PRT"," Ponta Delgada-Jo�o Paulo II Airport, Azores (PDL)","Boeing 757-251 (WL)","N543US","Delta Air Lines","USA","USA","Landing","Accident","",true,true,true,"","ST75",false,true,1,"Piston","","[]","RS",2019
"""2019-08-20T00:00:00.000Z""","","Ethiopia","A333","EC-MII","Evelop",,"ESP","","Accident","",true,true,"","","A333",false,true,2,"Jet","","[]","",2019
"""2019-08-21T00:00:00.000Z""","USA"," Oroville Airport, CA (OVE)","Cessna 560XL Citation Excel","N91GY","Delta Private Jets","","USA","Take-off","Accident",0,true,true,false,"","C56X",false,true,2,"Jet","","[]","RS",2019
"""2019-08-21T00:00:00.000Z""","TUR","Black Sea","Airbus A340-600","G-VFIT","Virgin Atlantic","GBR","GBR","","Accident","",true,true,true,"","A318",,true,2,"Jet",true,"[""TURB""]","TURB",2019
"""2019-08-21T00:00:00.000Z""","CAN"," Vancouver International Airport, BC (YVR)","Cessna 208B Super Cargomaster","C-FEXE","Morningstar Air Express","","CAN","Taxi","Accident",0,true,false,false,"","C208",false,true,1,"Turboprop","","[]","RS",2019
"""2019-08-22T00:00:00.000Z""","","enroute","B737","C-GWJF","Westjet",,"CAN","","Accident","",true,true,"","","B737",false,true,2,"Jet","","[]","",2019
"""2019-08-22T00:00:00.000Z""","","Honolulu","A21N","N218HA","Hawaiian",,"USA","","Accident","",true,true,"","","A21N",false,true,2,"Jet","","[]","",2019
"""2019-08-23T00:00:00.000Z""","AUT"," Gmunden Airfield","Antonov An-2T","OK-TIR","Club Tiroler Adler","","CZE","Landing","Accident",0,true,false,false,"","AN32",false,true,2,"Turboprop","","[]","RS",2019
"""2019-08-24T00:00:00.000Z""","","Montreal","B732","C-GSPW","Inuit",,"CAN","","Accident","",true,true,"","","B732",false,true,2,"Jet","","[]","",2019
"""2019-08-25T00:00:00.000Z""","USA"," Santa Barbara Airport, CA (SBA)","Lockheed C-130A Hercules","N119TG","International Air Response","","USA","Landing","Accident",0,true,true,false,"","C130",false,true,4,"Turboprop","","[]","RS",2019
"""2019-08-26T00:00:00.000Z""","IRN","Tehran","ATR72-200","EP-ITD","Iran Air","IRN","IRN","","Accident","",true,true,true,"","M200",,true,1,"Piston",true,"[""ARC""]","RS",2019
"""2019-08-26T00:00:00.000Z""","USA","Chicago","Mcdonnell Douglas MD88","N911DL","Delta Air Lines, Inc","USA","USA","","Accident","",true,true,true,"","MD88",,true,2,"Jet",true,"[""TURB""]","TURB",2019
"""2019-08-26T00:00:00.000Z""","","Addis Ababa","B738","ET-AXI","Ethiopian",,"ETH","","Accident","",true,true,"","","B738",false,true,2,"Jet","","[]","",2019
"""2019-08-27T00:00:00.000Z""","USA","Denver","Airbus A320-200","N328FR","Frontier Airlines, Inc","USA","USA","","Accident","",true,true,true,"","A320",,true,2,"Jet",true,"[""TURB""]","TURB",2019
"""2019-08-27T00:00:00.000Z""","IND"," Aligarh Airport","Cessna 560XL Citation Excel","VT-AVV","Air Charter Services","","IND","Approach","Accident",0,true,true,false,"","C56X",false,true,2,"Jet","","[]","RS",2019
"""2019-08-27T00:00:00.000Z""","CHN"," Beijing-Capital International Airport (PEK)","Airbus A330-300","B-5958","Air China","CHN","CHN","Standing","Accident","",true,true,true,"","A345",,true,4,"Jet",true,"[""F-NI""]","F-NI",2019
"""2019-08-28T00:00:00.000Z""","DEU"," Egelsbach Airfield (QEF)","Cessna 525 CitationJet CJ1+","D-ICEY","Lenox Handels und Speditions","","DEU","Landing","Accident",0,true,false,false,"","C525",false,true,2,"Jet","","[]","RS",2019
"""2019-08-28T00:00:00.000Z""","RUS"," Selektsionny, Lgovsky district, Kursk region","Antonov An-2R","RA-40389","private","","RUS","Manoeuvring","Accident",0,true,false,false,"","A124",false,true,4,"Jet","","[]","RS",2019
"""2019-08-30T00:00:00.000Z""","RUS"," Lake Syuryun-Kyuel area","Antonov An-2R","RA-33061","private","","RUS","En route","Accident",2,true,false,false,"Fatal","AN72",false,true,2,"Jet","","[]","LOC-I",2019
"""2019-08-31T00:00:00.000Z""","USA"," El Monte-San Gabriel Valley Airport, CA (EMT)","Cessna 510 Citation Mustang","N551WH","Star Jet","","USA","Take-off","Accident",0,true,false,false,"","C510",false,true,2,"Jet","","[]","RS",2019
"""2019-09-01T00:00:00.000Z""","PHL"," Pansol, Calamba, Laguna","Beechcraft B300 King Air 350","RP-C2296","Lionair Inc.","","PHL","En route","Accident",9,true,true,false,"Fatal","B350",false,true,2,"Turboprop","","[]","LOC-I",2019
"""2019-09-02T00:00:00.000Z""","GTM","near Nueva Cajol�","British Aerospace BAe-125-700A","XB-PTW","private","","MEX","Landing","Accident",2,true,true,false,"Fatal","BA11",false,true,2,"Jet","","[]","RS",2019
"""2019-09-05T00:00:00.000Z""","ITA"," Milano-Malpensa Airport (MXP)","Cessna 560XLS+ Citation XLS+","OE-GES","Skyline Aviation","","AUT","Taxi","Accident",0,true,true,false,"","C56X",false,true,2,"Jet","","[]","RS",2019
"""2019-09-06T00:00:00.000Z""","USA","","Airbus A319-100","N515NK","Spirit Airlines","USA","USA","","Accident",0,true,true,true,"","A319",false,true,2,"Jet",true,"[""TURB""]","TURB",2019
"""2019-09-07T00:00:00.000Z""","COL"," Manizales-La Nubia Airport (MZL)","ATR72-200","HK-5041","Avianca","COL","COL","Landing","Accident","",true,true,true,"","M200",,true,1,"Piston",true,"[""ARC""]","RS",2019
"""2019-09-09T00:00:00.000Z""","DEU","Berlin","Airbus A319-100","D-AKNL","Germanwings","DEU","DEU","","Accident","",true,true,true,"","A319",,true,2,"Jet",true,"[""TURB""]","TURB",2019
"""2019-09-11T00:00:00.000Z""","DEU","near Gransee Airfield","Cessna 208 Supervan 900","D-FIDI","`, opf. GoJump","","DEU","Approach","Accident",1,true,false,false,"Fatal","C208",false,true,1,"Turboprop","","[]","CFIT",2019
"""2019-09-11T00:00:00.000Z""","USA","1 km ENE of Toledo-Express Airport, OH (TOL)","Convair CV-440","N24DR","Ferreteria e Implementos San Francisco","","USA","Approach","Accident",2,true,true,false,"Fatal","CVLP",false,true,2,"Piston","","[]","CFIT",2019
"""2019-09-11T00:00:00.000Z""","","Colorado Springs","E175","N86350","Mesa",,"USA","","Accident","",false,false,"","","C175",false,true,1,"Piston","","[]","",2019
"""2019-09-16T00:00:00.000Z""","BRA","near Manaus-Eduardo Gomes International Airport, AM (MAO)","Cessna 208B Grand Caravan","PT-MHC","TwoFlex","","BRA","Take-off","Accident",0,true,false,false,"","C208",false,true,1,"Turboprop","","[]","RS",2019
"""2019-09-18T00:00:00.000Z""","IDN","10 km from Kampung Mamontoga, Hoeya District, Mimika Regency","Viking Air DHC-6-400 Twin Otter","PK-CDC","Carpediem Aviation, opf. Rimbun Air",,"IDN","En route","Accident",4,true,"","","Fatal","DHC6",false,true,2,"Turboprop","","[]","LOC-I",2019
"""2019-09-20T00:00:00.000Z""","","enroute","A321","VT-PPH","India",,"IND","","Accident","",true,true,"","","A321",false,true,2,"Jet","","[]","",2019
"""2019-09-20T00:00:00.000Z""","USA"," Pepperell Airport, MA","Cessna 208B Grand Caravan","N895SF","private","","USA","Landing","Accident",0,true,false,false,"","C208",false,true,1,"Turboprop","","[]","RS",2019
"""2019-09-20T00:00:00.000Z""","","Andes","A332","LV-FNK","Argentinas",,"ARG","","Accident","",true,true,"","","A332",false,true,2,"Jet","","[]","",2019
"""2019-09-23T00:00:00.000Z""","MSR"," Montserrat-John A. Osborne Airport (MNI)","BN-2A-27 Islander","VP-MNI","FlyMontserrat","","MSR","Landing","Accident",0,true,false,true,"","BN2T",false,true,2,"Turboprop","","[]","RS",2019
"""2019-09-23T00:00:00.000Z""","TZA"," Seronera Airstrip (SEU)","Cessna 208B Grand Caravan EX","5H-AAM","Auric Air","","TZA","Take-off","Accident",2,true,false,false,"Fatal","C208",false,true,1,"Turboprop","","[]","LOC-I",2019
"""2019-09-23T00:00:00.000Z""","","London","A320","G-EUYB","British Airways",,"GBR","","Accident","",true,true,"","","A320",false,true,2,"Jet","","[]","",2019
"""2019-09-24T00:00:00.000Z""","VEN"," San Salvador de Pa�l Airstrip","Cessna 208B Grand Caravan","YVO134","Bol�var Government","","VEN","Landing","Accident",0,true,false,false,"","C208",false,true,1,"Turboprop","","[]","RS",2019
"""2019-09-25T00:00:00.000Z""","","Barnaul","B763","VP-BUV","Azur",,"BMU","","Accident","",true,true,"","","B763",false,true,2,"Jet","","[]","",2019
"""2019-09-30T00:00:00.000Z""","BLZ"," Blue Creek, Orange Walk","Gulfstream American G-1159 Gulfstream II B","XB-PVO","private","","MEX","Landing","Accident",0,true,true,false,"","GLF2",false,true,2,"Jet","","[]","RS",2019
"""2019-09-30T00:00:00.000Z""","GBR"," Liverpool International Airport (LPL)","Antonov An-12BK","UR-CKL","Cavok Air","","UKR","Taxi","Accident",0,true,true,false,"","AN24",false,true,2,"Turboprop","","[]","RS",2019
"""2019-10-01T00:00:00.000Z""","","Montreal","DH8C","C-GETA","Jazz",,"CAN","","Accident","",true,true,"","","DH8C",false,true,2,"Turboprop","","[]","",2019
"""2019-10-01T00:00:00.000Z""","","Singapore","Boeing 777-300","A6-EBU","Emirates","ARE","ARE","","Accident","",true,true,true,"","B37M",,true,2,"Jet",true,"[""TURB""]","TURB",2019
"""2019-10-02T00:00:00.000Z""","USA"," Windsor Locks-Bradley International Airport, CT (BDL)","Boeing B-17G Flying Fortress","N93012","The Collings Foundation","","USA","Landing","Accident",7,true,true,false,"Fatal","B17",false,true,4,"Piston","","[]","RS",2019
"""2019-10-04T00:00:00.000Z""","UKR","1,1 km SE of Lviv-Danylo Halytskyi International Airport (LWO)","Antonov An-12BK","UR-CAH","Ukraine Air Alliance",,"UKR","Approach","Accident",5,true,true,"","Fatal","AN22",false,true,4,"Turboprop","","[]","RS",2019
"""2019-10-05T00:00:00.000Z""","","Basel","A320","G-EUYU","British Airways",,"GBR","","Accident","",true,true,"","","A320",false,true,2,"Jet","","[]","",2019
"""2019-10-07T00:00:00.000Z""","USA"," Charleston International Airport, SC (CHS)","Honda HA-420 HondaJet","N166HJ","Pro by Air","","USA","Landing","Accident",0,true,false,false,"","HDJT",false,true,2,"Jet","","[]","RS",2019
"""2019-10-07T00:00:00.000Z""","USA"," Fort Myers-Southwest Florida International Airport, FL (RSW)","Hawker 800XP","N86MN","Delta Private Jets","","USA","Landing","Accident",0,true,true,false,"","SHAW",false,true,1,"Jet","","[]","RS",2019
"""2019-10-09T00:00:00.000Z""","","Mogadishu","AN74","EK-74008","Mars",,"ARM","","Accident","",false,false,"","","LNC4",false,true,1,"Piston","","[]","",2019
"""2019-10-10T00:00:00.000Z""","COD","near Kole","Antonov An-72","EK-72903","D.R. Congo AF","","ARM","En route","Accident",8,true,true,false,"Fatal","AN24",false,true,2,"Turboprop","","[]","LOC-I",2019
"""2019-10-11T00:00:00.000Z""","KEN","near Nairobi-Wilson Airport (WIL)","Fokker F50","5Y-IZO","SilverStone Air Service","GAB","KEN","Take-off","Accident","",true,true,true,"","F50",,true,2,"Turboprop",true,"[""RE""]","RS",2019
"""2019-10-11T00:00:00.000Z""","USA"," Cedartown-Polk County Airport, GA","DHC-6 Twin Otter 100","N166DH","Skydive Georgia","","USA","Landing","Accident",0,true,false,false,"","DHC6",false,true,2,"Turboprop","","[]","RS",2019
"""2019-10-12T00:00:00.000Z""","BHS","","Embraer EMB110","C6-KMC","PineappleAir","BHS","BHS","","Accident",0,true,true,true,"","E110",false,true,2,"Turboprop",true,"[""ARC"",""RE"",""SCF-NP""]","RS",2019
"""2019-10-12T00:00:00.000Z""","JPN","Kagoshima","ATR 42-500","JA01JC","Japan Air Commuter Co.","JPN","JPN","","Accident","",true,true,true,"","AC50",,true,2,"Piston",true,"[""AMAN""]","AMAN",2019
"""2019-10-17T00:00:00.000Z""","USA"," Unalaska-Tom Madsen Airport, AK (DUT)","Saab 2000","N686PA","Peninsula AviationServices Inc.,","USA","USA","Landing","Accident",1,true,true,true,"Fatal","SB20",,true,2,"Turboprop",true,"[""RE""]","RS",2019
"""2019-10-17T00:00:00.000Z""","","Sao Paulo","A20N","PR-YRQ","Azul",,"BRA","","Accident","",true,true,"","","A20N",false,true,2,"Jet","","[]","",2019
"""2019-10-18T00:00:00.000Z""","","Nassau","DC3","N437GB</SPAN>","Atlantic Cargo",,"USA","","Accident","",true,true,"","","DC3",false,true,2,"Piston","","[]","",2019
"""2019-10-18T00:00:00.000Z""","BHS","4,6 km NW off Nassau-Lynden Pindling International Airport (NAS)","Douglas DC-3C","N437GB","Atlantic Air Cargo",,"USA","Approach","Accident","",true,true,"","","A1",false,true,1,"Piston","","[]","TURB",2019
"""2019-10-19T00:00:00.000Z""","","Paphos","A320","G-GATL","British Airways",,"GBR","","Accident","",true,true,"","","A320",false,true,2,"Jet","","[]","",2019
"""2019-10-21T00:00:00.000Z""","","Shannon","A333","N273AY","American",,"USA","","Accident","",true,true,"","","A333",false,true,2,"Jet","","[]","",2019
"""2019-10-22T00:00:00.000Z""","USA","near Atlanta Hartsfield-Jackson International Airport, GA (ATL)","Canadair CL-600-2B19 Regional Jet CRJ-200LR","N8837B","Delta Connection, opf. Endeavor Air","USA","USA","Approach","Accident","",true,true,true,"","CRJ7",false,true,2,"Jet","","[]","TURB",2019
"""2019-10-24T00:00:00.000Z""","","Nashville","E170","N632RW","Republic",,"USA","","Accident","",true,true,"","","E170",false,true,2,"Jet","","[]","",2019
"""2019-10-25T00:00:00.000Z""","","Nagoya","B773","B-HNN","Cathay Pacific",,"HKG","","Accident","",true,true,"","","B773",false,true,2,"Jet","","[]","",2019
"""2019-10-25T00:00:00.000Z""","GTM"," Sipacate, Escuintla","Rockwell Sabreliner 65","N465BC","private","","USA","Landing","Accident",0,true,true,false,"","SBR1",false,true,2,"Jet","","[]","RS",2019
"""2019-10-26T00:00:00.000Z""","CAN"," Family Lake, Little Grand Rapids First Nation, MB","DHC-3T/M601 Turbine Otter","C-GBTU","Blue Water Aviation Services","","CAN","Approach","Accident",3,true,false,false,"Fatal","B60T",false,true,2,"Turboprop","","[]","CFIT",2019
"""2019-10-27T00:00:00.000Z""","SSD"," Kolnyang County","Let L-410UVP","YI-BYO","Abeer Air Services",,"IRQ","En route","Accident","",true,true,"","","Z37P",false,true,1,"Piston","","[]","RS",2019
"""2019-10-29T00:00:00.000Z""","USA","","De Havilland DHC8-400","N402QX","Horizon Air Indistries Inc.","USA","USA","","Accident",0,true,true,true,"","DHC1",false,true,1,"Piston",true,"[""BIRD""]","BIRD",2019
"""2019-11-03T00:00:00.000Z""","","Barcelona","Boeing B787-8","N796AV","Avianca","USA","USA","","Accident","",true,true,true,"","B38M",,true,2,"Jet",true,"[""AMAN""]","AMAN",2019
"""2019-11-04T00:00:00.000Z""","","Pacific Ocean","A332","VH-EBS","Qantas",,"AUS","","Accident","",true,true,"","","A332",false,true,2,"Jet","","[]","",2019
"""2019-11-05T00:00:00.000Z""","MEX"," San Jose Cabo-Los Cabos Airport (SJD)","Learjet 35A","XA-VBD","USMX AirLink","","MEX","Landing","Accident",0,true,true,false,"","LJ35",false,true,2,"Jet","","[]","RS",2019
"""2019-11-07T00:00:00.000Z""","","Kansas City","MD11","N256UP","UPS",,"USA","","Accident","",true,true,"","","MD11",false,true,3,"Jet","","[]","",2019
"""2019-11-11T00:00:00.000Z""","USA"," Chicago-O'Hare International Airport, IL (ORD)","Embraer EMB145","N619AE","Envoy Airlines","USA","USA","Landing","Accident","",true,true,true,"","PA32",,true,1,"Piston",true,"[""RE""]","RS",2019
"""2019-11-11T00:00:00.000Z""","AUS"," Darwin Airport, NT (DRW)","DHC-8-315Q MPA","VH-ZZE","Australian Border Force, opf. Surveillance Australia","","AUS","Take-off","Accident",0,true,true,false,"","CAT2",false,true,2,"Piston","","[]","RS",2019
"""2019-11-13T00:00:00.000Z""","","Tel Aviv","B744","OM-ACG","Cargo Global",,"SVK","","Accident","",true,true,"","","B744",false,true,4,"Jet","","[]","",2019
"""2019-11-14T00:00:00.000Z""","BRA"," Mara�-Barra Grande Airport, BA","Cessna 550 Citation II","PT-LTJ","private","","BRA","Landing","Accident",5,true,true,false,"Fatal","C550",false,true,2,"Jet","","[]","RS",2019
"""2019-11-15T00:00:00.000Z""","USA"," San Antonio International Airport, TX (SAT)","Cessna 560 Citation Encore","N777HW","ETG Aviation","","USA","Standing","Accident",0,true,true,false,"","C560",false,true,2,"Jet","","[]","RS",2019
"""2019-11-15T00:00:00.000Z""","USA"," San Antonio International Airport, TX (SAT)","Cessna 525B CitationJet CJ3","N973CG","Pilot Point Consultancy","","USA","Taxi","Accident",0,true,false,false,"","C25B",false,true,2,"Jet","","[]","RS",2019
"""2019-11-16T00:00:00.000Z""","","","Boeing 777-300 & Airbus A330-200","HL7204&V5-ANO","Korean Air & Air Namibia ","KOR","KOR","","Accident",0,true,true,true,"","BE20",false,true,2,"Turboprop",true,"[""GCOL""]","RS",2019
"""2019-11-16T00:00:00.000Z""","DEU"," Frankfurt International Airport (FRA)","Boeing 777-3B5ER","HL7204","Korean Air","KOR","KOR","Taxi","Accident",0,true,true,true,"","B37M",false,true,2,"Jet","","[]","RS",2019
"""2019-11-16T00:00:00.000Z""","DEU"," Frankfurt International Airport (FRA)","Airbus A330-243","V5-ANO","Air Namibia","NAM","NAM","Taxi","Accident",0,true,true,true,"","A319",false,true,2,"Jet","","[]","RS",2019
"""2019-11-21T00:00:00.000Z""","UKR"," Odessa-Central Airport (ODS)","Boeing 737-800","TC-JGZ","Turkish Airlines","TUR","TUR","Landing","Accident","",true,true,true,"","B37M",,true,2,"Jet",true,"[""RE""]","RS",2019
"""2019-11-21T00:00:00.000Z""","UKR"," Odessa-Central Airport (ODS)","Gulfstream G150","TC-AEH","Tahe Havacilik","","TUR","Take-off","Accident",0,true,true,false,"","G150",false,true,2,"Jet","","[]","RS",2019
"""2019-11-23T00:00:00.000Z""","","","Boeing 737-800","EI-DWD","Ryanair","IRL","IRL","","Accident",0,true,true,true,"","B37M",false,true,2,"Jet",true,"[""OTHR"",""RAMP""]","RS",2019
"""2019-11-23T00:00:00.000Z""","COL"," Bogot�-Eldorado Airport (BOG)","Boeing 737-400","YV3012","Avior Airlines","VEN","VEN","Landing","Accident","",true,true,true,"","B37M",,true,2,"Jet",true,"[""ARC"",""SCF-NP""]","RS",2019
"""2019-11-24T00:00:00.000Z""","COD","1 km S of Goma Airport (GOM)","Dornier 228-200","9S-GNH","BusyBee","COD","COD","Take-off","Accident",26,true,true,true,"Fatal","D228",,true,2,"Turboprop",true,"[""LOC-I""]","LOC-I",2019
"""2019-11-25T00:00:00.000Z""","","Vienna, enroute and Dublin","A320","OE-LOX","Laudamotion",,"AUT","","Accident","",true,true,"","","A320",false,true,2,"Jet","","[]","",2019
"""2019-11-25T00:00:00.000Z""","ZMB","DH8C","de Havilland DHC8-300","9J-PZB","Proflight Zambia","ZMB","ZMB","","Accident","",true,true,true,"","H25A",,true,2,"Jet",true,"[""WSTRW""]","WSTRW",2019
"""2019-11-25T00:00:00.000Z""","MMR","Yangon","Airbus A330-300 ","9V-SSI","Singapore Airlines ","SGP","SGP","","Accident","",true,true,true,"","A3ST",,true,2,"Jet",true,"[""ARC""]","RS",2019
"""2019-11-27T00:00:00.000Z""","COD","","Airbus A350-900","ET-AWO&TK-JOV","Ethiopian Airlines & Turkish Airlines","ETH","ETH","","Accident",0,true,true,true,"","BE9L",false,true,2,"Turboprop",true,"[""GCOL""]","RS",2019
"""2019-12-01T00:00:00.000Z""","BHS"," Black Point Airstrip","Beechcraft B99 Airliner","C6-FER","Flamingo Air Charter","","BHS","Landing","Accident",0,true,false,false,"","BE99",false,true,2,"Turboprop","","[]","RS",2019
"""2019-12-01T00:00:00.000Z""","","Bamenda","MA60","TJ-QDB","Camair Co",,"CMR","","Accident","",true,true,"","","MA60",false,true,2,"Turboprop","","[]","",2019
"""2019-12-03T00:00:00.000Z""","CAN","0,5 km SW of Sachigo Lake Airport, ON (ZPB)","Basler BT-67 Turbo 67 (DC-3T)","C-FKAL","North Star Air",,"CAN","Approach","Accident","",true,true,"","","DC3T",false,true,2,"Turboprop","","[]","RS",2019
"""2019-12-03T00:00:00.000Z""","USA"," Detroit-Coleman A. Young International Airport, MI (DET)","British Aerospace BAe-125-800A","N469RJ","Business Jet Managers Inc","","USA","Landing","Accident",0,true,true,false,"","STRK",false,true,1,"Jet","","[]","RS",2019
"""2019-12-09T00:00:00.000Z""","USA","ca 11 km NE of Victoria Regional Airport, TX (VCT)","Cessna 208B Super Cargomaster","N4602B","Martinaire","","USA","En route","Accident",1,true,false,false,"Fatal","C208",false,true,1,"Turboprop","","[]","LOC-I",2019
"""2019-12-10T00:00:00.000Z""","SSD"," Juba Airport (JUB)","de Havilland DHC8-400","ET-AQC","Ethiopian Airlines","ETH","ETH","Take-off","Accident","",true,true,true,"","DH82",,true,1,"Piston",true,"[""RE""]","RS",2019
"""2019-12-12T00:00:00.000Z""","","Melbourne","A320","VH-XUH","Tiger",,"AUS","","Accident","",true,true,"","","A320",false,true,2,"Jet","","[]","",2019
"""2019-12-13T00:00:00.000Z""","","Windhoek","A319","V5-ANM","Namibia",,"NAM","","Accident","",true,true,"","","A319",false,true,2,"Jet","","[]","",2019
"""2019-12-14T00:00:00.000Z""","USA","","Bombardier CL600 2D24","N548CA","SkyWest Airlines","USA","USA","","Accident",0,true,true,true,"","CRJX",false,true,2,"Jet",true,"[""CABIN""]","CABIN",2019
"""2019-12-15T00:00:00.000Z""","","Varadero","A320","C-GFCI","Canada Rouge",,"CAN","","Accident","",true,true,"","","A320",false,true,2,"Jet","","[]","",2019
"""2019-12-15T00:00:00.000Z""","","Sydney","A332","VH-EBC","Qantas",,"AUS","","Accident","",true,true,"","","A332",false,true,2,"Jet","","[]","",2019
"""2019-12-15T00:00:00.000Z""","USA","Philadelphia","Embraer EMB145","N648AE","Piedmont Airlines","USA","USA","","Accident","",true,true,true,"","M326",,true,1,"Jet",true,"[""TURB""]","TURB",2019
"""2019-12-16T00:00:00.000Z""","","Madrid","Airbus A330-200","EC-LQO","Air Europa","ESP","ESP","","Accident","",true,true,true,"","BE20",,true,2,"Turboprop",true,"[""TURB""]","TURB",2019
"""2019-12-16T00:00:00.000Z""","USA","","Embraer EMB135","N805AE","Envoy Airlines","USA","USA","","Accident",0,true,true,true,"","E145",false,true,2,"Jet",true,"[""TURB""]","TURB",2019
"""2019-12-17T00:00:00.000Z""","USA"," Visalia Airport, CA (VIS)","Beechcraft B300 King Air 350","N160RW","Ritch Air","","USA","Taxi","Accident",0,true,true,false,"","B350",false,true,2,"Turboprop","","[]","RS",2019
"""2019-12-18T00:00:00.000Z""","USA","Raleigh/Durham","Embraer ERJ190","N959UW","American Airlines","USA","USA","","Accident","",true,true,true,"","E190",,true,2,"Jet",true,"[""TURB""]","TURB",2019
"""2019-12-18T00:00:00.000Z""","USA","near Scottsbluff, NE","Cessna 525A CitationJet CJ2","C-GOJG","C-GHGR Holdings","","CAN","En route","Accident",0,true,false,false,"","C25A",false,true,2,"Jet","","[]","TURB",2019
"""2019-12-19T00:00:00.000Z""","VEN","near Charallave-�scar Machado Zuloaga Airport","Beechcraft A100 King Air","YV1104","private","","VEN","Approach","Accident",9,true,false,false,"Fatal","BE20",false,true,2,"Turboprop","","[]","CFIT",2019
"""2019-12-19T00:00:00.000Z""","USA","","Boeing 737-900","N68802","United Airlines","USA","USA","","Accident",0,true,true,true,"","B37M",false,true,2,"Jet",true,"[""AMAN""]","AMAN",2019
"""2019-12-20T00:00:00.000Z""","","Munich","A319","D-AIBC","Lufthansa",,"DEU","","Accident","",true,true,"","","A319",false,true,2,"Jet","","[]","",2019
"""2019-12-21T00:00:00.000Z""","USA","near Kansas City International Airport, MO (MCI)","Boeing 737-700","N7739A","Southwest Airlines","USA","USA","Approach","Accident",0,true,true,true,"","B37M",,true,2,"Jet",true,"[""BIRD""]","BIRD",2019
"""2019-12-22T00:00:00.000Z""","USA"," Denver International Airport, CO (DEN)","Boeing 737-800","N87513","United Airlines","USA","USA","Landing","Accident","",true,true,true,"","B38M",,true,2,"Jet",true,"[""ARC"",""SCF-NP""]","RS",2019
"""2019-12-24T00:00:00.000Z""","MEX","near Tastiota","Cessna 208B Grand Caravan","XA-TWN","Calafia Airlines","","MEX","En route","Accident",2,true,false,true,"Fatal","C208",false,true,1,"Turboprop","","[]","LOC-I",2019
"""2019-12-24T00:00:00.000Z""","","Lincoln","E175","N124SY","Skywest",,"USA","","Accident","",true,true,"","","E75S",false,true,2,"Jet","","[]","",2019
"""2019-12-25T00:00:00.000Z""","JPN","Miyazaki","Airbus A320-200","B-50001","Tigerair Taiwan Limited.","CHN","CHN","","Accident","",true,true,true,"","A320",,true,2,"Jet",true,"[""TURB""]","TURB",2019
"""2019-12-25T00:00:00.000Z""","","Ho Chi Minh City","A20N","9M-AGL","AirAsia",,"MYS","","Accident","",true,true,"","","A20N",false,true,2,"Jet","","[]","",2019
"""2019-12-27T00:00:00.000Z""","USA"," Santa Monica Airport, CA (SMO)","Cirrus SF50 Vision Jet","N52CV","private","","USA","Standing","Accident",0,true,false,false,"","SF50",false,true,1,"Jet","","[]","RS",2019
"""2019-12-27T00:00:00.000Z""","KAZ","near Almaty Airport (ALA)","Fokker F28 Mk0100","UP-F1007","Bek Air","KAZ","KAZ","Take-off","Accident",12,true,true,true,"Fatal","F100",,true,2,"Jet",true,"[""ICE"",""LOC-I""]","LOC-I",2019
"""2019-12-28T00:00:00.000Z""","COD"," Kamina Airport (KMN)","Let L410","9S-GDX","Air Fast Congo","COD","COD","Landing","Accident","",true,true,true,"","L410",,true,2,"Turboprop",true,"[""RE""]","RS",2019
"""2019-12-29T00:00:00.000Z""","ARG","6 km from Otamendi, BA","Cessna 560XL Citation XLS","LV-FQD","Sunny Sky","","ARG","En route","Accident",0,true,true,false,"","C56X",false,true,2,"Jet","","[]","TURB",2019